{"kind":"APIResourceList","apiVersion":"v1","groupVersion":"snapshot.storage.k8s.io/v1beta1","resources":[{"name":"volumesnapshots","singularName":"volumesnapshot","namespaced":true,"kind":"VolumeSnapshot","verbs":["delete","deletecollection","get","list","patch","create","update","watch"],"storageVersionHash":"TSKmYoNn2SQ="},{"name":"volumesnapshots/status","singularName":"","namespaced":true,"kind":"VolumeSnapshot","verbs":["get","patch","update"]},{"name":"volumesnapshotcontents","singularName":"volumesnapshotcontent","namespaced":false,"kind":"VolumeSnapshotContent","verbs":["delete","deletecollection","get","list","patch","create","update","watch"],"storageVersionHash":"nRPzLkINbss="},{"name":"volumesnapshotcontents/status","singularName":"","namespaced":false,"kind":"VolumeSnapshotContent","verbs":["get","patch","update"]},{"name":"volumesnapshotclasses","singularName":"volumesnapshotclass","namespaced":false,"kind":"VolumeSnapshotClass","verbs":["delete","deletecollection","get","list","patch","create","update","watch"],"storageVersionHash":"Auz1oPjhi6Y="}]}
