{"kind":"APIResourceList","apiVersion":"v1","groupVersion":"networking.k8s.io/v1","resources":[{"name":"ingressclasses","singularName":"","namespaced":false,"kind":"IngressClass","verbs":["create","delete","deletecollection","get","list","patch","update","watch"],"storageVersionHash":"l/iqIbDgFyQ="},{"name":"ingresses","singularName":"","namespaced":true,"kind":"Ingress","verbs":["create","delete","deletecollection","get","list","patch","update","watch"],"shortNames":["ing"],"storageVersionHash":"39NQlfNR+bo="},{"name":"ingresses/status","singularName":"","namespaced":true,"kind":"Ingress","verbs":["get","patch","update"]},{"name":"networkpolicies","singularName":"","namespaced":true,"kind":"NetworkPolicy","verbs":["create","delete","deletecollection","get","list","patch","update","watch"],"shortNames":["netpol"],"storageVersionHash":"YpfwF18m1G8="}]}
